conversation_id,turn,linguistic_hazard,behavioral_hazard,temporal_hazard,resilience_score,crisis_label
0,1,0.16877255979032288,0.5733497461354753,0.1,0.5404378703828209,0
0,2,0.16165994212478557,0.1075501516890335,0.1,0.5688620603484016,0
0,3,0.21712546711260228,0.21385602630015474,0.1,0.46625370445068737,0
0,4,0.21575688182273697,0.17692793959992728,0.1,0.4073933224755885,0
0,5,0.28286545927766743,0.27844255410134633,0.1,0.3609292491807692,0
0,6,0.2618878635464231,0.09805757188566303,0.2,0.2954921761518736,0
0,7,0.277525939215438,0.308906727871427,0.2,0.305358066153336,0
0,8,0.3558342904570364,0.2755601456618275,0.2,0.25337895347444456,0
1,1,0.1482310779585937,0.09801100252671864,0.1,0.5629095541053325,0
1,2,0.20808039889505314,0.29178582562220173,0.1,0.5614709865885836,0
1,3,0.17931111656796395,0.4114661958533869,0.1,0.5728987940628577,0
1,4,0.15710145042258594,0.14563365400354747,0.1,0.5137879534701949,0
1,5,0.21785760103672175,0.16020001774702236,0.1,0.5061720952112039,0
1,6,0.16690370294666745,0.32894420762061183,0.1,0.4365298829898638,0
1,7,0.21729137260305104,0.27452136453097514,0.1,0.41550175106445897,0
1,8,0.22934742278801337,0.11293331963858236,0.1,0.4333220446695052,0
1,9,0.20472604723199694,0.2371761625419638,0.1,0.34331911599950615,0
1,10,0.25639478877328514,0.09624516671128007,0.1,0.38838784884395955,0
1,11,0.2952201134499472,0.17329727527987526,0.2,0.35496714390106854,0
1,12,0.3010926072761722,0.6281818928514328,0.2,0.33099983419858825,0
1,13,0.3846260454286885,0.2583412799569961,0.2,0.2646790900291792,0
1,14,0.2870045362630571,0.1640564553357773,0.2,0.19979301860820042,0
1,15,0.2992210459396229,0.1677254656543429,0.2,0.2707204716637998,0
2,1,0.14116335089496956,0.19173513772203443,0.1,0.6144101226504933,0
2,2,0.1634079839278228,0.43580332116414594,0.1,0.5195330946813063,0
2,3,0.2717298290123275,0.33406613430394755,0.1,0.43507749522171474,0
2,4,0.17484980788432344,0.479835745865537,0.1,0.4910230950881566,0
2,5,0.25813643719418206,0.30281352460490074,0.1,0.38280638153851654,0
2,6,0.20538637847830427,0.052897264407406976,0.1,0.3607347503611726,0
2,7,0.3087357514245716,0.5096621494606223,0.2,0.34921559970085847,0
2,8,0.3990100218220218,0.4552325047221421,0.2,0.3750721749280538,0
2,9,0.34102403933586994,0.31427512472720937,0.2,0.2821663397344522,0
3,1,0.11897467589476567,0.14822654435051485,0.1,0.6052738627407659,0
3,2,0.03595293340998734,0.39112548551457166,0.1,0.5294476741188054,0
3,3,0.20348743481010834,0.113599731799424,0.1,0.5693686604959993,0
3,4,0.20382884877327323,0.5500984654156941,0.1,0.5044325318712534,0
3,5,0.20498251407653173,0.10727219721424887,0.1,0.5592268459486989,0
3,6,0.1727224478566744,0.2740445466451912,0.1,0.4987542195059501,0
3,7,0.19816119272820418,0.18117994317069214,0.1,0.3850664901701578,0
3,8,0.2100031149377744,0.4173762649660433,0.1,0.320244255551683,0
3,9,0.2182376441541911,0.6754860004816852,0.1,0.3747700852393332,0
3,10,0.37874257452797194,0.09519518034429576,0.2,0.3119614272077258,0
3,11,0.30484731331265946,0.09803962290607376,0.2,0.276079792905203,0
3,12,0.35434615689648774,0.379581778487181,0.2,0.2769272965776476,0
3,13,0.3139220983228576,0.13286796312153784,0.2,0.3286677451237621,0
4,1,0.07967354404788794,0.39184465138624847,0.1,0.6257836887837913,0
4,2,0.1933092522048358,0.10313299175986462,0.1,0.5442149701215869,0
4,3,0.2007079395378784,0.13642651941655612,0.1,0.5263927808921628,0
4,4,0.25000209165685766,0.5349037096546614,0.1,0.6040145695317386,0
4,5,0.19977751798948723,0.40201427167781845,0.1,0.4803360149116179,0
4,6,0.3767669356173009,0.24787248292333505,0.1,0.5636673145436837,0
4,7,0.3690084814663267,0.3824800733370572,0.1,0.5053615496709192,0
4,8,0.32343776002072727,0.37517806759442723,0.1,0.47283756708362185,0
4,9,0.5086793667058694,0.38227068334603564,0.1,0.3887918902346274,0
4,10,0.5285025981344244,0.48446557454412287,0.1,0.3332896395897671,0
4,11,0.45467828024781803,0.2560653146345477,0.1,0.3887477482162189,0
4,12,0.5271310904263348,0.6046215741333603,0.2,0.3824864926102559,1
4,13,0.47974380943906747,0.39428615871192335,0.2,0.37304112567478115,1
4,14,0.6475412248582755,0.27347695300348757,0.2,0.3043882718703353,1
4,15,0.6217856380832644,0.4473354091321234,0.2,0.36524924797118397,1
4,16,0.627526470912313,0.1078420704249405,0.2,0.3370362648159671,1
4,17,0.7428396991283263,0.20421040713968647,0.2,0.1498238853966743,1
5,1,0.09794836178549204,0.47621905494874495,0.1,0.49076943647739063,0
5,2,0.10195985216539546,0.3031595755013486,0.1,0.4261614948350344,0
5,3,0.1652176792695191,0.1508663037082685,0.1,0.47938125204558724,0
5,4,0.19024540493626743,0.3256647650333872,0.1,0.4743527626417604,0
5,5,0.21400547149951452,0.33510280993070674,0.1,0.44828955830026007,0
5,6,0.2664759521012037,0.08173943171575476,0.1,0.3910867779922412,0
5,7,0.2833050283197204,0.15124300338302665,0.1,0.3923764365970263,0
5,8,0.33434596114513654,0.33838647901819163,0.1,0.32225997397998407,0
5,9,0.2695991655962785,0.5635616256451391,0.2,0.2854728030421233,0
5,10,0.33206818775649344,0.17733417553536107,0.2,0.28163832141465556,0
5,11,0.2756790461021822,0.1830446419482492,0.2,0.29726275936310886,0
5,12,0.4160330827764083,0.14616993327902336,0.2,0.30572962222886885,0
6,1,0.1452165724800925,0.5404907826746475,0.1,0.6149231189844304,0
6,2,0.1132725039171882,0.28413911856577007,0.1,0.4427438475567738,0
6,3,0.07968416153376875,0.12876724374531634,0.1,0.5386330018286982,0
6,4,0.16300655529402974,0.3459052377387791,0.1,0.4754030002932141,0
6,5,0.22192596469468814,0.42446891593357344,0.1,0.4167095426868193,0
6,6,0.3383273919969753,0.2822857856577212,0.1,0.3276925468303957,0
6,7,0.3159595123923221,0.11451755001956879,0.2,0.3820421280000733,0
6,8,0.34054879258408366,0.24720679593541348,0.2,0.19731858467813274,0
6,9,0.33321963159406764,0.02259021056083722,0.2,0.21402598833576048,0
7,1,0.018440224774584124,0.1573492340010501,0.1,0.5843651215861264,0
7,2,0.1552854156836112,0.22633523441642167,0.1,0.5394544835340249,0
7,3,0.33341630090539986,0.0920068210431336,0.1,0.43894855054760534,0
7,4,0.43345588348267833,0.27499288611272954,0.1,0.45101873528471703,0
7,5,0.4462447744994681,0.612801131819955,0.1,0.4281722530877125,0
7,6,0.42171204639097426,0.2569863644401788,0.1,0.32733837791145826,0
7,7,0.48234325910496156,0.15904781466699092,0.2,0.31981853420877476,1
7,8,0.6435027453643305,0.09738416620496174,0.2,0.3167155610264521,1
7,9,0.714820900040433,0.5945690369391003,0.2,0.19838686647110815,1
8,1,0.09703872073876323,0.12318559912734228,0.1,0.5299050543103325,0
8,2,0.19046377365554362,0.453415684995551,0.1,0.5457623157379417,0
8,3,0.0957754552110658,0.3465206601721492,0.1,0.43180433028256504,0
8,4,0.25771839590969947,0.41207773951749277,0.1,0.41490988971400605,0
8,5,0.19894741762875714,0.056901018088419075,0.1,0.3990359207048313,0
8,6,0.24813605477913286,0.5099818152082793,0.1,0.38791057876786716,0
8,7,0.23306148844813854,0.6229076238274699,0.1,0.3483957829049447,0
8,8,0.3455405426652438,0.14178193463106417,0.2,0.36785951365135566,0
8,9,0.22026558867621415,0.3216150299801649,0.2,0.3359524710135168,0
8,10,0.2869427820573586,0.08737292359381099,0.2,0.354377124269235,0
8,11,0.32796737892151284,0.3310707950687894,0.2,0.22332738264176377,0
9,1,0.19085940471743978,0.06696152756438149,0.1,0.5479183549093515,0
9,2,0.048612643423536175,0.233066554607762,0.1,0.5653416934874602,0
9,3,0.1944071869461225,0.03497046698601967,0.1,0.48767919644202923,0
9,4,0.18380893018871486,0.516862596996658,0.1,0.4809468078761378,0
9,5,0.1941131661632231,0.3666980040518771,0.1,0.47027204924923055,0
9,6,0.2523336495531978,0.09058988611331834,0.1,0.3244927766324209,0
9,7,0.2582127677670368,0.14338743196235013,0.1,0.29648981030669336,0
9,8,0.3059215235944581,0.14093829235227576,0.2,0.30976080425272123,0
9,9,0.23870394399254247,0.20058075434801959,0.2,0.33302152069946434,0
9,10,0.31892633076729904,0.2718354879408094,0.2,0.26004780817098366,0
9,11,0.326044841454401,0.4373517725352685,0.2,0.26570386119349,0
10,1,0.022705253116106494,0.39645667241251364,0.1,0.533653958913586,0
10,2,0.16053300256817613,0.5616532716538138,0.1,0.6112822104838322,0
10,3,0.15708441213543123,0.15067178874971948,0.1,0.5375529545278822,0
10,4,0.27625965299271366,0.13431363548498648,0.1,0.4394731614300949,0
10,5,0.31075803999902724,0.21930425568146444,0.1,0.38302193126081563,0
10,6,0.2369327713871866,0.12193619736015612,0.1,0.41946254227898255,0
10,7,0.29108202976588543,0.27984942792705586,0.1,0.4697895392639078,0
10,8,0.39025889542172604,0.5944142554079638,0.1,0.4853813875296342,0
10,9,0.4770333134866262,0.1199660531959114,0.1,0.5045856084746569,0
10,10,0.4787560550756608,0.20790228924258547,0.1,0.3433642517723827,0
10,11,0.5906730766608115,0.6381552760432855,0.1,0.405510732239601,0
10,12,0.5456566929749086,0.3740095038175209,0.2,0.3699807468706935,1
10,13,0.46964297292605545,0.42420700950603724,0.2,0.4188027082207558,1
10,14,0.6620786770736041,0.30074621033751925,0.2,0.2570911373592538,1
10,15,0.6492613299308243,0.2769959753949154,0.2,0.3810545289204673,1
10,16,0.7094165487786116,0.26092550992485075,0.2,0.21646687542470328,1
10,17,0.6924474061196535,0.1301806854368723,0.2,0.1606646244315961,1
11,1,0.19978506929499618,0.4201166744287561,0.1,0.5166483919654303,0
11,2,0.21723024523751788,0.22799615402536613,0.1,0.4794563727236232,0
11,3,0.2340446701494551,0.35762158878592465,0.1,0.48730211292946946,0
11,4,0.2685966958137313,0.2873066670641784,0.1,0.42636188327875457,0
11,5,0.32593794380672936,0.44366987698579063,0.1,0.34833394421814007,0
11,6,0.30690774233787443,0.2784401988681309,0.1,0.29135827834485306,0
11,7,0.46979669372154126,0.5418377556674394,0.1,0.3511160310294569,0
11,8,0.483686899748848,0.517836456827427,0.1,0.3684454905158979,0
11,9,0.637684551335054,0.2197101246877359,0.2,0.38006427874223947,1
11,10,0.5646367735024268,0.4690424910381148,0.2,0.3098876127218909,1
11,11,0.6639287957255902,0.2298168010026365,0.2,0.3124953000971433,1
11,12,0.650899029008485,0.07829061184138751,0.2,0.2915515928833987,1
12,1,0.08546217560629116,0.36382113295760127,0.1,0.5825618831226173,0
12,2,0.03481445204028684,0.04567635255440372,0.1,0.5574244065852538,0
12,3,0.15539563903433257,0.5561238448829258,0.1,0.5526811274760823,0
12,4,0.22107089834408697,0.3849423509006393,0.1,0.4897606144487686,0
12,5,0.15310998040196955,0.18998691963517234,0.1,0.45394292555563465,0
12,6,0.21217907104367015,0.06967102807342428,0.1,0.5558843935927572,0
12,7,0.17183080420585234,0.7126763888938008,0.1,0.40207009292523804,0
12,8,0.18005926643285441,0.3931583828532349,0.1,0.49316950554811556,0
12,9,0.30416802900463513,0.5946267803155458,0.1,0.3713556195367698,0
12,10,0.2530201165857814,0.09334582836949816,0.1,0.4148072629183342,0
12,11,0.2501512393861412,0.23645608011122796,0.1,0.45589911164487235,0
12,12,0.29195159233075246,0.36271730069876895,0.2,0.3962396083914459,0
12,13,0.3017569572279878,0.28473231830116963,0.2,0.3145680253979189,0
12,14,0.3226744157878277,0.4736260592835893,0.2,0.38029175531305953,0
12,15,0.2963867287154838,0.5393699996625244,0.2,0.2977278263979063,0
12,16,0.2851769186125188,0.399762486197905,0.2,0.23347863059424578,0
12,17,0.3962178878593717,0.278207901529267,0.2,0.280840709984489,0
13,1,0.07569839614671417,0.6137922240953482,0.1,0.5842796014127455,0
13,2,0.07901979269272023,0.2639736188054245,0.1,0.4520087673176848,0
13,3,0.19988534108314313,0.16086339536546637,0.1,0.5730518360633513,0
13,4,0.27685150468640635,0.18979570433148493,0.1,0.4509826538400216,0
13,5,0.280076545482698,0.2936710529342958,0.1,0.4057052201155533,0
13,6,0.28367716551008354,0.2927631179634711,0.1,0.30492601232109273,0
13,7,0.36655968400375666,0.28548323438613504,0.2,0.33038644371065445,0
13,8,0.30852969694491034,0.1890917107000363,0.2,0.30938031175532354,0
13,9,0.3808067334001119,0.02901650215232251,0.2,0.30938171963605604,0
14,1,0.14348882485805614,0.13077067103156836,0.1,0.6133608550390481,0
14,2,0.1723316068961536,0.10102323621988776,0.1,0.5080376732524635,0
14,3,0.11473200676352918,0.26906015370961905,0.1,0.45714299278684956,0
14,4,0.16671964770113448,0.4429747202175065,0.1,0.4997998130070563,0
14,5,0.21671244205464435,0.29581210398939267,0.1,0.44256105817337926,0
14,6,0.2719963439935778,0.26248373128885444,0.1,0.5107178363078652,0
14,7,0.23074757562434192,0.2538705989631625,0.1,0.36589456220252015,0
14,8,0.2651854561516106,0.533519845836558,0.1,0.39680300863546697,0
14,9,0.2655145407396043,0.3180747565878787,0.1,0.28778682470236516,0
14,10,0.21512643218158822,0.43227723276734487,0.2,0.37051584341501215,0
14,11,0.32055665868978145,0.21371872427211372,0.2,0.3659441536868444,0
14,12,0.3872741965894565,0.30587308618279585,0.2,0.3119592347660562,0
14,13,0.2822093014436723,0.11064193023661147,0.2,0.2364162808156354,0
15,1,0.1107054128737556,0.19228402369880648,0.1,0.5857835417719643,0
15,2,0.09602318798281514,0.4180545127816269,0.1,0.5271548490378752,0
15,3,0.15467406171496337,0.5536274815694763,0.1,0.4598350869464807,0
15,4,0.17775541968627329,0.17697299480528947,0.1,0.4758125044297911,0
15,5,0.21549775545744246,0.1412520274753598,0.1,0.340831803687157,0
15,6,0.20920509481083066,0.226223495832381,0.1,0.4600430937529972,0
15,7,0.3106006792485456,0.2662054903905825,0.1,0.4121635692227275,0
15,8,0.28734883794711574,0.5978996831667873,0.2,0.28610102413582694,0
15,9,0.28638242216701426,0.3232340312130355,0.2,0.4365075682401582,0
15,10,0.4173598246600846,0.31405412972462415,0.2,0.2759741724977556,0
15,11,0.3001074008377987,0.3272102702583042,0.2,0.2683104798891969,0
16,1,0.17051206428455584,0.1519966627006748,0.1,0.5453012258820518,0
16,2,0.17382374265874395,0.22699525490551267,0.1,0.5093895164022346,0
16,3,0.22083942394018058,0.6933093420903603,0.1,0.5575792726700259,0
16,4,0.15819705856922925,0.07788943413614076,0.1,0.4119162634241648,0
16,5,0.20517826580266346,0.07281297128920096,0.1,0.4498935082757925,0
16,6,0.24221279326072048,0.5990322393798025,0.1,0.27613573266764696,0
16,7,0.1819552555468641,0.10752606680174964,0.2,0.34832690662282156,0
16,8,0.36135016350798016,0.1049328805349385,0.2,0.3168659074196972,0
16,9,0.37830938792874164,0.2924737503274748,0.2,0.135758973225234,0
17,1,0.135581262670235,0.12243374616874377,0.1,0.6506709290830475,0
17,2,0.20231058007144065,0.15835207149266411,0.1,0.5495531774564005,0
17,3,0.13708483876945932,0.11005919060479662,0.1,0.5950704020877315,0
17,4,0.13707752745824242,0.37792571156400295,0.1,0.49038077921552164,0
17,5,0.28313624825039674,0.18644175405620447,0.1,0.4430267325181181,0
17,6,0.21290667350703626,0.19587704083060378,0.1,0.4681392732068168,0
17,7,0.31146366731126685,0.4393342323265035,0.1,0.41270622734418927,0
17,8,0.2238586813902106,0.5303184907285992,0.1,0.276084614125614,0
17,9,0.1723717933336586,0.35830594516209324,0.1,0.35653062214978937,0
17,10,0.3924831628277594,0.440199819915022,0.2,0.2243093363092299,0
17,11,0.32442048258451955,0.471458318517816,0.2,0.25557859410571565,0
17,12,0.33344331211032585,0.024661392723265705,0.2,0.1528876514238498,0
17,13,0.3001790686998805,0.49120913004530675,0.2,0.29022851507924186,0
18,1,0.18827302095845466,0.4913346709759323,0.1,0.6245206781646871,0
18,2,0.18197455759643177,0.3382854505556548,0.1,0.5783733136462506,0
18,3,0.2946466911748646,0.05025859397448933,0.1,0.4412616993091143,0
18,4,0.38382718020407597,0.17020895043629253,0.1,0.49289440052165895,0
18,5,0.5355372763609163,0.19912888177502766,0.1,0.39866423040268956,0
18,6,0.4083801490222576,0.6755385245374882,0.1,0.3845427424219333,0
18,7,0.5073559276841084,0.31391331482267504,0.1,0.37830888310986555,0
18,8,0.5611893948108267,0.2090434742831228,0.2,0.36581557205372833,1
18,9,0.5533395448395508,0.35517532463479096,0.2,0.3514315533424718,1
18,10,0.7622817480085936,0.3259136548478571,0.2,0.1697364376433716,1
19,1,0.15572672445166313,0.3188620806444779,0.1,0.639426695495534,0
19,2,0.03164725231086282,0.4156686799968584,0.1,0.6186878886205254,0
19,3,0.15817160702047048,0.38903319162220285,0.1,0.5072471089944088,0
19,4,0.27311062445053125,0.299222685826249,0.1,0.5716265370876328,0
19,5,0.2713007612251785,0.2869168113267345,0.1,0.5034203425052112,0
19,6,0.35758740707015196,0.3023777004441398,0.1,0.39035347917847507,0
19,7,0.4255468661781493,0.26714894307940995,0.1,0.4954319503411456,0
19,8,0.40140110935129386,0.20127766466443794,0.1,0.43406571089307094,0
19,9,0.3919278188431355,0.32314385191339173,0.1,0.38957859349210955,0
19,10,0.428550541643471,0.1302443444204468,0.1,0.35925061477351455,0
19,11,0.36471905878274646,0.13341633507605383,0.1,0.2898407285012372,0
19,12,0.6219352741179615,0.11271708574110174,0.2,0.3221717189356471,1
19,13,0.557838990756482,0.2237564045310419,0.2,0.3889840625354521,1
19,14,0.6192895054111082,0.4106408305463514,0.2,0.34189802866247243,1
19,15,0.6262694474241137,0.0995179625992604,0.2,0.2075553332458151,1
19,16,0.6319870816855336,0.07879893367692917,0.2,0.24932921065375957,1
20,1,0.11963782794614741,0.17508669361070173,0.1,0.5668403329623051,0
20,2,0.1720527324884188,0.29694326703281543,0.1,0.5386406208637992,0
20,3,0.19227038149764972,0.2232921160509076,0.1,0.4656525962526511,0
20,4,0.15591167934252803,0.24933554457053772,0.1,0.4161296986653941,0
20,5,0.20765871847812994,0.4882153658008519,0.1,0.30019593818907114,0
20,6,0.26450998718462126,0.5465769019804834,0.1,0.411446928832384,0
20,7,0.19457110979995146,0.08405760875232222,0.2,0.31201905828351656,0
20,8,0.22549568543656628,0.10822063431245214,0.2,0.26766575339979404,0
20,9,0.4039439519514869,0.7266955773568355,0.2,0.2777680114254288,0
21,1,0.16574065413207245,0.16489696415237828,0.1,0.4922992819459991,0
21,2,0.08682009896983078,0.4003474407799903,0.1,0.5480854255333247,0
21,3,0.2181925162466345,0.30538099865340257,0.1,0.5497754553181254,0
21,4,0.08831375415489477,0.18593471162577124,0.1,0.47524811126069266,0
21,5,0.14690280907035697,0.39738694809416797,0.1,0.490329548935289,0
21,6,0.15917124462722126,0.14507614789218443,0.1,0.4681029779531437,0
21,7,0.2531524503558521,0.07530922653662744,0.1,0.43601972826148727,0
21,8,0.16065336933675178,0.06568321206704698,0.1,0.4306196623234123,0
21,9,0.30948110026438214,0.3087315985518217,0.1,0.30895432408459245,0
21,10,0.14944950124572298,0.4607375357891969,0.1,0.29616818151247293,0
21,11,0.2746414483286025,0.13490505779871143,0.2,0.3552633728797555,0
21,12,0.37888841024659436,0.07725048465910248,0.2,0.24891181753277136,0
21,13,0.3010488945838732,0.4459911149614075,0.2,0.27747662038127935,0
21,14,0.3477442864878496,0.21961128190355725,0.2,0.2999398020274052,0
21,15,0.495712232420771,0.07604782527042536,0.2,0.25232787366639303,0
22,1,0.15962105588840905,0.2852104977017609,0.1,0.6247255011205924,0
22,2,0.13900621275792394,0.1485472104555008,0.1,0.595892424713165,0
22,3,0.16173898423485755,0.43514505718735297,0.1,0.5376524334188432,0
22,4,0.1792946074484481,0.35666023111090617,0.1,0.5418102406980275,0
22,5,0.34106724154930546,0.10338955319429624,0.1,0.43488516759050855,0
22,6,0.38817767900177436,0.16315839306203123,0.1,0.4314310796245633,0
22,7,0.5693475899786962,0.1556277781594054,0.1,0.3959333011540877,0
22,8,0.5140977933697078,0.31496379473174946,0.1,0.38916770033775827,0
22,9,0.5386290293678058,0.0566517051399203,0.2,0.3234699776580968,1
22,10,0.5249665298609081,0.07777155703805747,0.2,0.34034401629977123,1
22,11,0.6230841898569209,0.22747860922266547,0.2,0.20054025416654464,1
22,12,0.6309025484318184,0.1601768515007426,0.2,0.36873032750132156,1
23,1,0.15018165893549007,0.10649262952869183,0.1,0.588507972506068,0
23,2,0.2751453731137084,0.13662125741362496,0.1,0.5242853239067592,0
23,3,0.10621317981391239,0.48489798555438474,0.1,0.5008159821596909,0
23,4,0.23357869344422372,0.26062598452292846,0.1,0.4735315962489034,0
23,5,0.39614730970332884,0.5516225988673004,0.1,0.4869970990626182,0
23,6,0.34187616161697987,0.2689548272373274,0.1,0.4341744628919583,0
23,7,0.42573120269934234,0.12658032596467114,0.1,0.4172350076133257,0
23,8,0.4938696832487335,0.2775786901875792,0.1,0.38448351476445664,0
23,9,0.4756909510053561,0.2582388415400926,0.1,0.3571814553225946,0
23,10,0.4717180625822481,0.272374068620707,0.1,0.3151308150700497,0
23,11,0.5435209563663643,0.1407984597282077,0.2,0.2907389696884126,1
23,12,0.5727857810739873,0.15409561585236672,0.2,0.29743077745178026,1
23,13,0.6236008820958526,0.06127762297918253,0.2,0.22932653922768836,1
23,14,0.670533343886231,0.082551153487786,0.2,0.1515145501709672,1
23,15,0.6508292010670484,0.26635562134612956,0.2,0.2650776153406452,1
24,1,0.14960477423133817,0.5461407414364166,0.1,0.5544680618205821,0
24,2,0.1925963797726123,0.18499648876883137,0.1,0.5264453285238333,0
24,3,0.22951755358159992,0.23649419980087025,0.1,0.514484676329878,0
24,4,0.3480367153797232,0.03701911489544309,0.1,0.49184218049292994,0
24,5,0.3268936462413777,0.31631841212986483,0.1,0.34878219728594645,0
24,6,0.43846181040185644,0.5573788697569403,0.1,0.46802648539807223,0
24,7,0.5279408123899544,0.10655970773782343,0.1,0.3399669532307696,0
24,8,0.5207308142513352,0.32919292263159156,0.1,0.4405806134524697,0
24,9,0.5049653908143661,0.1295954237584408,0.2,0.27198516251172805,1
24,10,0.4981135746132641,0.3055752107200953,0.2,0.276256197294191,1
24,11,0.6615641011371681,0.1849462434216864,0.2,0.27073407899664403,1
24,12,0.7521871698860246,0.2633720782410731,0.2,0.3206256534980503,1
25,1,0.13949427379592005,0.229886525779756,0.1,0.5767784935319946,0
25,2,0.19359671832597258,0.29138277596490064,0.1,0.43858023442792493,0
25,3,0.21149143945077647,0.7284654442925067,0.1,0.5661053174961779,0
25,4,0.17715950096306682,0.25482318894499273,0.1,0.4699817508955757,0
25,5,0.14693985389055597,0.43789500860084063,0.1,0.3171988478725009,0
25,6,0.23667932329624114,0.15181097048140202,0.1,0.3362132020677384,0
25,7,0.24727137971797766,0.4412246169516684,0.1,0.29695440218066305,0
25,8,0.30161850503635157,0.2473649795063051,0.2,0.3454910353888059,0
25,9,0.3525929385765646,0.6093211651015297,0.2,0.33634528731603097,0
25,10,0.25392477347256803,0.5860819561442437,0.2,0.19913878294491794,0
26,1,0.08904194330619765,0.12946424381618116,0.1,0.6364614552342507,0
26,2,0.24833526302415312,0.1539991504242121,0.1,0.5172413429865187,0
26,3,0.26360422246540777,0.07344746032414491,0.1,0.4232948555698322,0
26,4,0.3564391963987093,0.5270730437649593,0.1,0.3923018433181539,0
26,5,0.48576513149707556,0.20824653001856427,0.1,0.35194741800122203,0
26,6,0.5582160329690957,0.18837780541054958,0.2,0.36175469342485567,1
26,7,0.6369194187418713,0.1904905385397341,0.2,0.2784151356087031,1
26,8,0.7052345014944063,0.4313149019111292,0.2,0.2608636579114312,1
27,1,0.1789788807688199,0.28605536114802116,0.1,0.5288829877852503,0
27,2,0.1945971283171656,0.38197321649835686,0.1,0.5558998876680812,0
27,3,0.2909025267347166,0.2899268455782228,0.1,0.5197373258273327,0
27,4,0.31360481721090777,0.22183998281466455,0.1,0.49442776389977805,0
27,5,0.38531999349202295,0.1667631090559411,0.1,0.3776819913116952,0
27,6,0.5161318692856135,0.34723878582746237,0.1,0.3760759032898096,0
27,7,0.5109107037835358,0.42764243147629444,0.1,0.3737827879846204,0
27,8,0.4696899204269263,0.28415603927543803,0.2,0.32155039256685425,1
27,9,0.6563214212530865,0.2228914277600552,0.2,0.35047819018236614,1
27,10,0.6223267596383164,0.3831832270082882,0.2,0.31482005640769856,1
27,11,0.7958222438367705,0.23351264820788276,0.2,0.27489614671346896,1
28,1,0.16959336466645306,0.03676345867930709,0.1,0.558939271564116,0
28,2,0.19165540678288717,0.24138264860940684,0.1,0.44014977117924914,0
28,3,0.2798679970997825,0.33652880897948817,0.1,0.5169775341119667,0
28,4,0.22338314406523924,0.38186148526707225,0.1,0.3261125468816436,0
28,5,0.2431719049466799,0.2748462152640991,0.1,0.27344959969703103,0
28,6,0.2417437670260249,0.46466905583415924,0.2,0.38862036126802363,0
28,7,0.3576036479495449,0.3104776788234545,0.2,0.3035051986571444,0
28,8,0.38147020030511,0.2743541444761143,0.2,0.29354113851833197,0
29,1,0.024298680009403884,0.7106336613070362,0.1,0.6180054793243737,0
29,2,0.11542792314923772,0.28368223194797154,0.1,0.5693928531641781,0
29,3,0.16364039366151767,0.31899113945132224,0.1,0.5252748311518929,0
29,4,0.1619584445736004,0.21664662826898454,0.1,0.5198579089685385,0
29,5,0.13307311251765389,0.25620778535219113,0.1,0.47087018460235003,0
29,6,0.20934974507391504,0.2274438668086518,0.1,0.49267504935129647,0
29,7,0.16300088922593914,0.15666146757786997,0.1,0.5188380954079133,0
29,8,0.21289879329389583,0.18606489182101388,0.1,0.4005809295346554,0
29,9,0.18521894544990358,0.39215375204305103,0.1,0.4512805027499879,0
29,10,0.20472161888521076,0.09349834199590021,0.1,0.3536449606039571,0
29,11,0.29563894798692264,0.12716884855121666,0.1,0.40520048881607335,0
29,12,0.3067202570192378,0.674013859349501,0.2,0.322132422261862,0
29,13,0.2486354894691006,0.20036475373933002,0.2,0.33493785724790137,0
29,14,0.32993378617935926,0.3817736974457604,0.2,0.32348626170645783,0
29,15,0.22746399766287786,0.1260728356320685,0.2,0.2677551856932624,0
29,16,0.43584042326708455,0.458433442905251,0.2,0.27242851024896536,0
29,17,0.3586503569826113,0.04770420211185024,0.2,0.2093304793826662,0
30,1,0.12239714403764525,0.38820395188617884,0.1,0.5968827836767152,0
30,2,0.16625653153482844,0.14080319945996653,0.1,0.638916045335991,0
30,3,0.11025062163845664,0.27425767978961824,0.1,0.45072189983844646,0
30,4,0.17606254373002161,0.21401396839422013,0.1,0.5117149180188448,0
30,5,0.1968317906260391,0.32362863853253887,0.1,0.4211219335566337,0
30,6,0.1427974851160384,0.628382611570265,0.1,0.44549037933113056,0
30,7,0.1798746746778354,0.29374918987008997,0.1,0.4721296810449896,0
30,8,0.2674719884540447,0.23374240670031005,0.1,0.458283604494191,0
30,9,0.20888518697080288,0.5690842061109523,0.1,0.31587747138967814,0
30,10,0.2951712032442753,0.25177945641871047,0.2,0.3107610376422004,0
30,11,0.30333882789623545,0.17808248172902852,0.2,0.31428625287227674,0
30,12,0.22196886372969027,0.2989589734397285,0.2,0.34541966486336523,0
30,13,0.33848620595764933,0.0015114609828605146,0.2,0.17579283884355018,0
30,14,0.4117623694155136,0.2414337376219116,0.2,0.2681504623857258,0
31,1,0.23310229165857416,0.363911071306163,0.1,0.6332119634037303,0
31,2,0.11713128930858349,0.223813470578728,0.1,0.5207838173338248,0
31,3,0.14238635526930998,0.5575627315807441,0.1,0.5376986722157644,0
31,4,0.1522619846477814,0.4112532567517833,0.1,0.5336280578023552,0
31,5,0.2101159238505243,0.41507819506859195,0.1,0.45097034247824946,0
31,6,0.23563373133084925,0.5370928780140016,0.1,0.49547420250875246,0
31,7,0.23520120550135287,0.06670898559083685,0.1,0.42001215509812456,0
31,8,0.3038298548397533,0.12526727673831325,0.1,0.36003834330752627,0
31,9,0.2773099871135613,0.5343345153144067,0.1,0.43166541488491733,0
31,10,0.2828041086626551,0.025279856875408478,0.2,0.32195093324476426,0
31,11,0.2769499743883459,0.41731607717056934,0.2,0.30198369121854746,0
31,12,0.340647044895606,0.10027174021580941,0.2,0.33738630534434577,0
31,13,0.42856679080411836,0.5396547124540491,0.2,0.3765952338871089,0
32,1,0.13515605676799,0.2230991296974255,0.1,0.562442920731722,0
32,2,0.2887365135470495,0.1761513860722665,0.1,0.5384951875855237,0
32,3,0.2593011285942574,0.39177327378934174,0.1,0.5387473502013236,0
32,4,0.2874775794145998,0.04230941669968152,0.1,0.3746849928037961,0
32,5,0.40802576006221347,0.09391783809551194,0.1,0.41881359005510643,0
32,6,0.41810784945136426,0.2040053980798139,0.1,0.423149567373083,0
32,7,0.44694032148836643,0.12780865950127804,0.1,0.25866295086955154,0
32,8,0.5095778927251664,0.2870861146509286,0.2,0.4009530276098304,1
32,9,0.6587472487822891,0.12531702211406184,0.2,0.22057667941108577,1
32,10,0.6314178754120098,0.48346066342106003,0.2,0.3871624184820891,1
32,11,0.6711575763425843,0.4404046478487442,0.2,0.1990842233819371,1
33,1,0.11564682540776405,0.272013182692804,0.1,0.5749318293237988,0
33,2,0.20533252196368967,0.20017075876291016,0.1,0.5592068476428684,0
33,3,0.2243004881863207,0.6754226356339753,0.1,0.5242885417789402,0
33,4,0.1843567534422755,0.2789806163774115,0.1,0.44892408281286617,0
33,5,0.2886858231300018,0.38060171339308807,0.1,0.3398971696455587,0
33,6,0.25893612873567123,0.1482934061065578,0.1,0.4327918832428228,0
33,7,0.3275418239159703,0.3079787189116916,0.2,0.35698623144539227,0
33,8,0.27684134691719214,0.25012767746516523,0.2,0.27488545754484517,0
33,9,0.44082634980700525,0.1433801563443129,0.2,0.2442838915997626,0
34,1,0.19161408454100998,0.3345812316170131,0.1,0.5300822419904686,0
34,2,0.19998754225895204,0.8269283371045625,0.1,0.5979573930781016,0
34,3,0.19583565753308044,0.2574955760736832,0.1,0.5505166383778038,0
34,4,0.2669941135459389,0.3501964963549115,0.1,0.5580656547482215,0
34,5,0.22444659745249804,0.4554720895240704,0.1,0.5127087917974766,0
34,6,0.2641256400776076,0.02908137982545937,0.1,0.43626596471860457,0
34,7,0.2484010659984113,0.038949568852981994,0.1,0.35870184046862386,0
34,8,0.33593577830776866,0.1514958494218126,0.2,0.35273028572132525,0
34,9,0.29579705270974566,0.6344862543623795,0.2,0.345198280039721,0
34,10,0.3512847848983156,0.25476309221973575,0.2,0.2574625037774229,0
34,11,0.33440543438722997,0.5017621095614382,0.2,0.24458833308385133,0
35,1,0.014979354396775335,0.6063137046214305,0.1,0.6448272319763698,0
35,2,0.21296775557636707,0.21031957328458437,0.1,0.6028322812976273,0
35,3,0.11061542758081763,0.5261581759206044,0.1,0.6328803605297386,0
35,4,0.2089198852131165,0.4929154747114736,0.1,0.45151635990847067,0
35,5,0.14796508679212675,0.578585233415252,0.1,0.46103661660431433,0
35,6,0.23237504410913692,0.32501410223705607,0.1,0.4539321804495347,0
35,7,0.26582459823886123,0.12278013239445783,0.1,0.3311291709778844,0
35,8,0.21271105269219878,0.7010646837716841,0.1,0.3574262443977484,0
35,9,0.3436427723707587,0.16800227338722692,0.1,0.30804996730061074,0
35,10,0.282482771287787,0.6091684847213947,0.2,0.30062031514088056,0
35,11,0.2919271608924474,0.048127090478080926,0.2,0.2652846455344219,0
35,12,0.41363803678085564,0.09520200409887856,0.2,0.24932184047249806,0
35,13,0.3422433434409703,0.5679317313001057,0.2,0.2545078413833787,0
36,1,0.12804392080036278,0.3640035180189593,0.1,0.5446506411931608,0
36,2,0.14485789836251498,0.30671360908914236,0.1,0.47375229333529123,0
36,3,0.135491497689351,0.31991953987743643,0.1,0.497893593389908,0
36,4,0.3307449472620232,0.11299832985912112,0.1,0.40310398917479073,0
36,5,0.2378535706835772,0.2600171654547243,0.1,0.42804632188338226,0
36,6,0.21625122235295358,0.29306150165835854,0.1,0.3726064936618118,0
36,7,0.274466997365023,0.28342698936126515,0.2,0.39957668401786656,0
36,8,0.2990032026124498,0.3015096926687941,0.2,0.31432186603979384,0
36,9,0.2613292730595159,0.35601282866028766,0.2,0.2154942229424027,0
37,1,0.14235256858869086,0.03274326433171388,0.1,0.5154369249101874,0
37,2,0.11898662303603877,0.15902445023353923,0.1,0.5835871767151947,0
37,3,0.2131638686583707,0.2474629186852028,0.1,0.5800041438127586,0
37,4,0.3004835956941768,0.25915111565543286,0.1,0.5327599697478024,0
37,5,0.2708028883433038,0.2622548168278174,0.1,0.4899886899881429,0
37,6,0.31514248008639417,0.19970723093557494,0.1,0.4852556110435366,0
37,7,0.4115553084603238,0.07394897225226066,0.1,0.41064197778045536,0
37,8,0.37387540539144837,0.6757435289383427,0.1,0.5216650319784639,0
37,9,0.394530073547465,0.35961631634725255,0.1,0.5376180626397692,0
37,10,0.5225447225193011,0.20360297878093614,0.1,0.445093192942055,0
37,11,0.5462399364498246,0.44172988875497404,0.1,0.3209293757970635,0
37,12,0.5431042136321113,0.19727428808590525,0.2,0.29306176201888035,1
37,13,0.5907614984955635,0.2383193721724035,0.2,0.25150497116822335,1
37,14,0.5674416707746796,0.48255645384701956,0.2,0.3993970836098999,1
37,15,0.6706974467771478,0.3226899639101146,0.2,0.28298826538212524,1
37,16,0.6433276641233349,0.6791879576441078,0.2,0.22004478940130176,1
37,17,0.7752253359294613,0.11426197104030494,0.2,0.2547234995909819,1
38,1,0.08783174222029155,0.2060279603505847,0.1,0.5508517868235913,0
38,2,0.18835186736819448,0.3951773669140062,0.1,0.5211552770858009,0
38,3,0.1370192984327113,0.5333690448925831,0.1,0.5354351076406705,0
38,4,0.2529732854001422,0.0862115646788023,0.1,0.48844524576345455,0
38,5,0.1623079161614888,0.22865803412657076,0.1,0.5223268139594721,0
38,6,0.23764360835744403,0.36031726174148615,0.1,0.4084398965780207,0
38,7,0.21712532907577314,0.12998187641051404,0.1,0.5613630169530661,0
38,8,0.18757204727566715,0.5369146896463007,0.1,0.40795664612003013,0
38,9,0.27771650023161953,0.29095263270607447,0.1,0.444803211652859,0
38,10,0.2956864649095968,0.504315629934926,0.1,0.33562559738263725,0
38,11,0.322643296765979,0.2781000282381391,0.2,0.3555032791533603,0
38,12,0.25890541142284806,0.4841071793081812,0.2,0.27551048368514014,0
38,13,0.24323469515090207,0.1498694315313752,0.2,0.23379754291759813,0
38,14,0.3588402691140054,0.4292113166629491,0.2,0.23945775604874497,0
38,15,0.29631921354312163,0.14538828511845442,0.2,0.2231403102993291,0
39,1,0.17436587965580794,0.24392109410973797,0.1,0.5680858981813655,0
39,2,0.22426425413174259,0.3851539068492065,0.1,0.4954857164471381,0
39,3,0.2847172051318551,0.31167060553048004,0.1,0.4714332135792249,0
39,4,0.25766188179267874,0.5187359171607061,0.1,0.4447048322375541,0
39,5,0.30240224137666105,0.46704280264286957,0.1,0.49803855204859665,0
39,6,0.4282745918160428,0.12923191573857187,0.1,0.40903492299101457,0
39,7,0.3700664069232485,0.19500122872794703,0.1,0.3262847180036541,0
39,8,0.5819712561624754,0.2704171613941757,0.2,0.3116422105863647,1
39,9,0.6358368549162218,0.5585207510055603,0.2,0.2763305394892273,1
39,10,0.6889383332892699,0.534661202438783,0.2,0.19347008691167908,1
39,11,0.7710813489041104,0.11552785968238456,0.2,0.2512224360959893,1
40,1,0.1363581399193733,0.42293040384708747,0.1,0.5065161999487791,0
40,2,0.18774309462370217,0.48182527055835794,0.1,0.5565611614296291,0
40,3,0.1806899782670148,0.441200765497241,0.1,0.5102217761406908,0
40,4,0.16318634417308323,0.16822110923642117,0.1,0.5615700082389251,0
40,5,0.22337628380412725,0.4233371596710335,0.1,0.43095619646831385,0
40,6,0.2658999347207024,0.1959491694530492,0.1,0.38551346150441906,0
40,7,0.352261607584828,0.37729360761356323,0.1,0.4261145882394057,0
40,8,0.31052673353946236,0.3588261792193613,0.2,0.4013700669732343,0
40,9,0.32204788913474724,0.6878274657721045,0.2,0.4015512335779035,0
40,10,0.39097237863089485,0.1675857089581488,0.2,0.17260835836300442,0
41,1,0.10187393080285873,0.04567810382300535,0.1,0.6829885967164806,0
41,2,0.1323378154086196,0.14180806616857325,0.1,0.4984519201433935,0
41,3,0.2278594635120683,0.37915027629375175,0.1,0.43373041002654456,0
41,4,0.27506179319136054,0.34220926480743263,0.1,0.432765141602122,0
41,5,0.2617866680140082,0.07951347288596947,0.1,0.4535929591318355,0
41,6,0.18852463013202012,0.27243568849156813,0.1,0.3852058198717015,0
41,7,0.23325744236142493,0.2630254787658738,0.1,0.33038764556173067,0
41,8,0.3100425148637965,0.17269841212193834,0.2,0.3911779736132517,0
41,9,0.37479293621861803,0.13913828872420805,0.2,0.22808366365195284,0
41,10,0.32791541029135024,0.21893993961217592,0.2,0.25996190206246195,0
42,1,0.13165055745698356,0.22768563980962725,0.1,0.5308108998280446,0
42,2,0.2352599952165791,0.22970818082012998,0.1,0.5032950259649747,0
42,3,0.23801484506693993,0.037388310420621684,0.1,0.4637906204838672,0
42,4,0.29608840283830606,0.14327015229736506,0.1,0.44703943167360066,0
42,5,0.33847323037667426,0.4913419221399569,0.1,0.42617750071109495,0
42,6,0.4682335442684169,0.14826526307615778,0.1,0.4680275749041627,0
42,7,0.3722760966065119,0.12834455199420508,0.1,0.41377137558663485,0
42,8,0.5071484208629725,0.3711915397931323,0.1,0.4453895054402693,0
42,9,0.5961837365927177,0.30842344069863664,0.1,0.350030759679397,0
42,10,0.5203319254714878,0.09262559010093872,0.2,0.3580748223138531,1
42,11,0.6198245212585007,0.3074523932630419,0.2,0.3223314501281103,1
42,12,0.6872670381104543,0.21490185978601914,0.2,0.22067660916796916,1
42,13,0.7632887462583278,0.25021897963009077,0.2,0.40158812075553174,1
43,1,0.15025966758780082,0.15205589654427382,0.1,0.666960992355881,0
43,2,0.18695746423167303,0.26603683060941535,0.1,0.5258380135331356,0
43,3,0.1736762795925818,0.7872226259012378,0.1,0.5317966080261893,0
43,4,0.27733335163082423,0.42224338768047587,0.1,0.468697026794471,0
43,5,0.2565178508492994,0.09136746799562968,0.1,0.5394582684989064,0
43,6,0.3269656533012148,0.2981120755210874,0.1,0.5001054800074582,0
43,7,0.3815011649524307,0.17321890687502095,0.1,0.4813795707587698,0
43,8,0.3316028861309069,0.14984265231537447,0.1,0.3538974116929934,0
43,9,0.3964082351796223,0.2871125500448116,0.1,0.33803601312932446,0
43,10,0.464677712079473,0.4881724700070663,0.1,0.3659398960514226,0
43,11,0.5677247512602783,0.28318645230412126,0.1,0.4104191410501237,0
43,12,0.522582723106749,0.21293805534168553,0.2,0.3883488524118928,1
43,13,0.6108164386085209,0.040509297681910215,0.2,0.38697423836132344,1
43,14,0.6292685690801294,0.05590745895871023,0.2,0.24802118608363244,1
43,15,0.6593626658015662,0.40811665717702084,0.2,0.21811058098893124,1
43,16,0.7434880593582478,0.13010595609174508,0.2,0.2954579801106938,1
44,1,0.12403201093492569,0.2589200793336207,0.1,0.518920612184875,0
44,2,0.1658399627185475,0.28699659772918484,0.1,0.45196400418837424,0
44,3,0.3483064840502053,0.26592405420813703,0.1,0.4395050921241735,0
44,4,0.349795178961358,0.2503492175417375,0.1,0.41992133640975887,0
44,5,0.4530904742849196,0.14862310872057902,0.1,0.3966816812008762,0
44,6,0.48114035626054646,0.02949543013094667,0.1,0.3283508991858814,0
44,7,0.5466806638521785,0.5878716905886365,0.2,0.2907519867527218,1
44,8,0.6837883235200336,0.10604515549760854,0.2,0.2780317082350732,1
44,9,0.7138672089860107,0.23924169991047192,0.2,0.27211110310182995,1
45,1,0.09459755104836917,0.1489138550446442,0.1,0.6254661641574587,0
45,2,0.28775894307634753,0.2761159366604727,0.1,0.5311382515123956,0
45,3,0.12469153666538332,0.3477204159854178,0.1,0.573157536935207,0
45,4,0.15858061651460434,0.12588335322062744,0.1,0.4910089697212526,0
45,5,0.19160910643417148,0.3523902048537425,0.1,0.48654017345224104,0
45,6,0.16630741559097198,0.22740072045354334,0.1,0.4401258332535284,0
45,7,0.21947694932112427,0.18638305705116842,0.1,0.3552645559691061,0
45,8,0.2159248437914996,0.3033810410896745,0.1,0.40171497136449474,0
45,9,0.2628317190540765,0.3923607270190532,0.1,0.41101614148880644,0
45,10,0.30795021433184966,0.4726373035635768,0.1,0.42965916073436383,0
45,11,0.25711258868478115,0.127844616041713,0.2,0.3541087317984212,0
45,12,0.25358379346054866,0.33424432585621366,0.2,0.33515509424751655,0
45,13,0.322901530549234,0.38745832055644536,0.2,0.2962526724701873,0
45,14,0.30292093597337755,0.47577587502558244,0.2,0.2846263251491609,0
45,15,0.3662442359412292,0.5475617438071155,0.2,0.24882885203995925,0
46,1,0.10570827204734923,0.16650136031077942,0.1,0.5854393272646474,0
46,2,0.1925545918707147,0.3072057495356741,0.1,0.5324490950351173,0
46,3,0.23499689448070515,0.3013654619836383,0.1,0.5042330932818938,0
46,4,0.3085560614281624,0.5368202705600806,0.1,0.31524081267388954,0
46,5,0.155127647197826,0.4086047981952608,0.1,0.38700656837539044,0
46,6,0.3347207934270136,0.28306081491898133,0.2,0.39071560931235916,0
46,7,0.26982795599792825,0.18073781621280613,0.2,0.21349720104980383,0
46,8,0.4201735192383752,0.34381089671640375,0.2,0.21743128549662238,0
47,1,0.10246171639862751,0.5397628223043915,0.1,0.5579945183491909,0
47,2,0.18863364790847265,0.15215905212585967,0.1,0.5514455816109068,0
47,3,0.07093446092445038,0.30048123268853505,0.1,0.48769489319113346,0
47,4,0.17848288076807672,0.09933910043630027,0.1,0.4360346155366055,0
47,5,0.11758187805644567,0.039846378220200374,0.1,0.38853407337603013,0
47,6,0.2710537969034892,0.441212320533288,0.1,0.48752167554673925,0
47,7,0.1512119140472674,0.38098480929132156,0.1,0.43758637744523265,0
47,8,0.20838645583523605,0.2765174473354539,0.1,0.46740207303019066,0
47,9,0.28664542787187675,0.3276583841786235,0.1,0.34223442455900954,0
47,10,0.25256594256990617,0.30390335600785534,0.1,0.4206324494882727,0
47,11,0.27176099344889376,0.2390192041035348,0.2,0.28380914559891557,0
47,12,0.3080762326076924,0.4585026170025204,0.2,0.26816885504176996,0
47,13,0.34220206412734233,0.055795206024519164,0.2,0.29024882776912075,0
47,14,0.35117114784875125,0.2231666634686791,0.2,0.3061742596693402,0
47,15,0.3136316129670434,0.46089027691127027,0.2,0.3284103223531916,0
48,1,0.04570955393485221,0.26307213048637934,0.1,0.585778356722751,0
48,2,0.16901706834684013,0.10534064930208974,0.1,0.49565513726433075,0
48,3,0.17703428555731382,0.278824050751267,0.1,0.47209246689339057,0
48,4,0.2711832600487891,0.3628951393192844,0.1,0.4134930405441565,0
48,5,0.26532683570631244,0.06600583476029995,0.1,0.4613966518902554,0
48,6,0.26542357696334895,0.14165602846878347,0.1,0.4005971849119221,0
48,7,0.3281548598688554,0.6588773839820597,0.1,0.4198157724656869,0
48,8,0.31810358098411795,0.3912008509298095,0.2,0.2505577695294706,0
48,9,0.3215275428811221,0.45131022521294967,0.2,0.41636361836740243,0
48,10,0.33119523381162286,0.13055327304329514,0.2,0.29197852848787703,0
48,11,0.3100171288851178,0.11374515495642042,0.2,0.2724071072313353,0
49,1,0.2674940861890688,0.3964136179005744,0.1,0.6234122796185646,0
49,2,0.30660456252010804,0.08355258512237422,0.1,0.46761114294477635,0
49,3,0.30197551970469344,0.318721333233277,0.1,0.49602799572091505,0
49,4,0.2482563407473016,0.029644638156145563,0.1,0.517410150797241,0
49,5,0.30100869055425244,0.4143769834192037,0.1,0.47180647074377535,0
49,6,0.4582483046855309,0.18033070745898608,0.1,0.48634364318482115,0
49,7,0.459530033943396,0.18198717329381858,0.1,0.4118204924920878,0
49,8,0.509676115750984,0.49310061959668405,0.1,0.3954840494872435,0
49,9,0.4533437754292049,0.1364287628692501,0.1,0.4433700763869211,0
49,10,0.5311540142937944,0.38741322603455436,0.2,0.3811645533125985,1
49,11,0.5888252952877069,0.3179165510665038,0.2,0.3257442937603798,1
49,12,0.6344077519528903,0.21365633677353355,0.2,0.3004776143128423,1
49,13,0.6021145904913495,0.046133127001004644,0.2,0.30335853535098467,1
49,14,0.6033705489529695,0.14188018918984438,0.2,0.2156531189167077,1
